{"ta_runs": 500, "wallclock_time_used": 19.212963104248047, "ta_time_used": 2.9636306762695312, "inc_changed": 9, "_n_configs_per_intensify": 495, "_n_calls_of_intensify": 33, "_ema_n_configs_per_intensifiy": 17.537791296490383, "_EMA_ALPHA": 0.2}