{"cpu_time": 0, "total_cpu_time": null, "wallclock_time": 5.817413330078125e-05, "evaluations": 0, "cost": 2147483648, "incumbent": ["x1='0.0'", "x2='0.0'"]}
{"cpu_time": 0.007192850112915039, "total_cpu_time": null, "wallclock_time": 0.022266149520874023, "evaluations": 1, "cost": 55.602112642270264, "incumbent": ["x1='0.0'", "x2='0.0'"]}
{"cpu_time": 0.013231754302978516, "total_cpu_time": null, "wallclock_time": 0.12801313400268555, "evaluations": 2, "cost": 7.57719218009093, "incumbent": ["x1='-1.8258951676148536'", "x2='9.322569355770616'"]}
{"cpu_time": 0.030774593353271484, "total_cpu_time": null, "wallclock_time": 0.18435406684875488, "evaluations": 5, "cost": 7.4992135740795005, "incumbent": ["x1='-3.10989368941844'", "x2='14.862875725967479'"]}
{"cpu_time": 0.20012450218200684, "total_cpu_time": null, "wallclock_time": 1.2294440269470215, "evaluations": 33, "cost": 2.1263681924796787, "incumbent": ["x1='-3.62047362351166'", "x2='14.260692976293758'"]}
{"cpu_time": 0.548396110534668, "total_cpu_time": null, "wallclock_time": 3.5534729957580566, "evaluations": 91, "cost": 1.746604782077645, "incumbent": ["x1='3.672129200549632'", "x2='2.0672341563651515'"]}
{"cpu_time": 0.5706841945648193, "total_cpu_time": null, "wallclock_time": 3.628472089767456, "evaluations": 95, "cost": 1.5076866101021071, "incumbent": ["x1='3.6200299744438933'", "x2='1.7536075636996458'"]}
{"cpu_time": 0.7042737007141113, "total_cpu_time": null, "wallclock_time": 4.693533182144165, "evaluations": 116, "cost": 0.417227053234857, "incumbent": ["x1='3.133540993746143'", "x2='2.419231178294777'"]}
{"cpu_time": 1.6715080738067627, "total_cpu_time": null, "wallclock_time": 10.741745233535767, "evaluations": 280, "cost": 0.40333077760366187, "incumbent": ["x1='9.393811978749675'", "x2='2.4779877701207957'"]}
{"cpu_time": 1.683349370956421, "total_cpu_time": null, "wallclock_time": 10.780066013336182, "evaluations": 282, "cost": 0.3988903277320368, "incumbent": ["x1='9.426022168802149'", "x2='2.444497573109472'"]}
